table,owner,schema,primary_key,external_ids,owner_constraints,retained_indexes,migration_strategy
t_auth_user,IDENTITY,oj_identity,user_id,-,identity-local-only,retain-owner-local-indexes,#306-copy-after-schema-create
t_auth_role,IDENTITY,oj_identity,role_id,-,identity-local-only,retain-owner-local-indexes,#306-copy-after-schema-create
t_auth_permission,IDENTITY,oj_identity,permission_id,-,identity-local-only,retain-owner-local-indexes,#306-copy-after-schema-create
t_auth_user_role,IDENTITY,oj_identity,id,-,identity-local-FK-only,retain-owner-local-indexes,#306-copy-after-parent
t_auth_role_permission,IDENTITY,oj_identity,id,-,identity-local-FK-only,retain-owner-local-indexes,#306-copy-after-parent
t_auth_session,IDENTITY,oj_identity,session_id,-,identity-local-FK-only,retain-owner-local-indexes,#306-copy-after-parent
t_auth_audit_log,IDENTITY,oj_identity,log_id,-,identity-local-only,retain-owner-local-indexes,#306-copy-after-schema-create
crs_course,COURSE,oj_course,id,teacher_id->IDENTITY.t_auth_user.user_id,ID-only-no-cross-FK,retain-owner-local-indexes,#306-copy-after-identity-baseline
crs_course_member,COURSE,oj_course,id,user_id->IDENTITY.t_auth_user.user_id;approved_by->IDENTITY.t_auth_user.user_id,ID-only-no-cross-FK,retain-owner-local-indexes,#306-copy-after-course
crs_chapter,COURSE,oj_course,id,-,course-local-FK-only,retain-owner-local-indexes,#306-copy-after-course
crs_resource,COURSE,oj_course,id,upload_user_id->IDENTITY.t_auth_user.user_id,ID-only-no-cross-FK,retain-owner-local-indexes,#306-copy-after-course
crs_announcement,COURSE,oj_course,id,publisher_id->IDENTITY.t_auth_user.user_id,ID-only-no-cross-FK,retain-owner-local-indexes,#306-copy-after-course
t_grade_item,GRADE,oj_grade,id,course_id->COURSE.crs_course.id;source_id->ASSESSMENT.contracts/v2/openapi/assessment.openapi.json#/paths/~1internal~1v2~1source-grades;created_by->IDENTITY.t_auth_user.user_id,ID-only-no-cross-FK,retain-owner-local-indexes,#306-rebuild-from-course-and-assessment
t_grade_record,GRADE,oj_grade,id,course_id->COURSE.crs_course.id;student_id->IDENTITY.t_auth_user.user_id;source_id->ASSESSMENT.contracts/v2/openapi/assessment.openapi.json#/paths/~1internal~1v2~1source-grades,ID-only-no-cross-FK,retain-owner-local-indexes,#306-rebuild-source-grade-projection
t_course_grade_summary,GRADE,oj_grade,id,course_id->COURSE.crs_course.id;student_id->IDENTITY.t_auth_user.user_id,ID-only-no-cross-FK,retain-owner-local-indexes,#306-recalculate-from-grade-record
t_grade_publish_record,GRADE,oj_grade,id,course_id->COURSE.crs_course.id;published_by->IDENTITY.t_auth_user.user_id,ID-only-no-cross-FK,retain-owner-local-indexes,#306-copy-after-grade
t_grade_calculation_batch,GRADE,oj_grade,id,course_id->COURSE.crs_course.id;calculated_by->IDENTITY.t_auth_user.user_id,ID-only-no-cross-FK,retain-owner-local-indexes,#306-copy-after-grade
t_grade_change_log,GRADE,oj_grade,id,course_id->COURSE.crs_course.id;student_id->IDENTITY.t_auth_user.user_id;operator_id->IDENTITY.t_auth_user.user_id,ID-only-no-cross-FK,retain-owner-local-indexes,#306-copy-after-grade
t_grade_review_request,GRADE,oj_grade,id,course_id->COURSE.crs_course.id;student_id->IDENTITY.t_auth_user.user_id;processed_by->IDENTITY.t_auth_user.user_id,ID-only-no-cross-FK,retain-owner-local-indexes,#306-copy-after-grade
t_grade_analysis_snapshot,GRADE,oj_grade,id,course_id->COURSE.crs_course.id,ID-only-no-cross-FK,retain-owner-local-indexes,#306-rebuild-from-grade-facts
t_grade_analysis_source_version,GRADE,oj_grade,course_id+target_type+grade_item_key,course_id->COURSE.crs_course.id,ID-only-no-cross-FK,retain-owner-local-indexes,#306-rebuild-from-grade-facts
lab_experiment,ASSESSMENT,oj_assessment,id,course_id->COURSE.crs_course.id;chapter_id->COURSE.crs_chapter.id;created_by->IDENTITY.t_auth_user.user_id,ID-only-no-cross-FK,retain-owner-local-indexes,#306-copy-after-course
lab_testcase,ASSESSMENT,oj_assessment,id,-,assessment-local-FK-only,retain-owner-local-indexes,#306-copy-after-lab-parent
lab_submission,ASSESSMENT,oj_assessment,id,student_id->IDENTITY.t_auth_user.user_id,ID-only-no-cross-FK,retain-owner-local-indexes,#306-copy-after-lab-parent
lab_submission_source_file,ASSESSMENT,oj_assessment,id,uploader_id->IDENTITY.t_auth_user.user_id,ID-only-no-cross-FK,retain-owner-local-indexes,#306-copy-after-lab-submission
t_hwk_homework,ASSESSMENT,oj_assessment,id,course_id->COURSE.crs_course.id;chapter_id->COURSE.crs_chapter.id;created_by->IDENTITY.t_auth_user.user_id,ID-only-no-cross-FK,retain-owner-local-indexes,#306-copy-after-course
t_hwk_judge_config,ASSESSMENT,oj_assessment,id,-,assessment-local-FK-only,retain-owner-local-indexes,#306-copy-after-homework
t_hwk_question,ASSESSMENT,oj_assessment,id,-,assessment-local-FK-only,retain-owner-local-indexes,#306-copy-after-homework
t_hwk_test_case,ASSESSMENT,oj_assessment,id,-,assessment-local-FK-only,retain-owner-local-indexes,#306-copy-after-homework
lrn_learning_task,COURSE,oj_course,id,user_id->IDENTITY.t_auth_user.user_id;course_id->COURSE.crs_course.id;source_id->ASSESSMENT.contracts/v2/asyncapi/events.asyncapi.json#/components/messages/assessment.homework.published.v2,ID-only-no-cross-FK,retain-owner-local-indexes,#306-validated-legacy-cutover
lrn_learning_progress,COURSE,oj_course,id,user_id->IDENTITY.t_auth_user.user_id;course_id->COURSE.crs_course.id;chapter_id->COURSE.crs_chapter.id,ID-only-no-cross-FK,retain-owner-local-indexes,#306-validated-legacy-cutover
t_hwk_submission,ASSESSMENT,oj_assessment,id,student_id->IDENTITY.t_auth_user.user_id,ID-only-no-cross-FK,retain-owner-local-indexes,#306-copy-after-homework
lab_evaluation_result,ASSESSMENT,oj_assessment,id,-,assessment-local-FK-only,retain-owner-local-indexes,#306-copy-after-evaluation
lab_evaluation,ASSESSMENT,oj_assessment,id,-,assessment-local-FK-only,retain-owner-local-indexes,#306-copy-after-lab-submission
t_hwk_evaluation,ASSESSMENT,oj_assessment,id,student_id->IDENTITY.t_auth_user.user_id,ID-only-no-cross-FK,retain-owner-local-indexes,#306-copy-after-homework-submission
lrn_learning_record,COURSE,oj_course,id,user_id->IDENTITY.t_auth_user.user_id;course_id->COURSE.crs_course.id,ID-only-no-cross-FK,retain-owner-local-indexes,#306-validated-legacy-cutover
t_hwk_review_log,ASSESSMENT,oj_assessment,id,student_id->IDENTITY.t_auth_user.user_id;operator_id->IDENTITY.t_auth_user.user_id,ID-only-no-cross-FK,retain-owner-local-indexes,#306-copy-after-homework-submission
lrn_notification,COURSE,oj_course,id,user_id->IDENTITY.t_auth_user.user_id;course_id->COURSE.crs_course.id,ID-only-no-cross-FK,retain-owner-local-indexes,#306-validated-legacy-cutover
lrn_notification_status_log,COURSE,oj_course,id,user_id->IDENTITY.t_auth_user.user_id,course-local-FK-only,retain-owner-local-indexes,#306-validated-legacy-cutover
lab_report,ASSESSMENT,oj_assessment,id,student_id->IDENTITY.t_auth_user.user_id;scored_by->IDENTITY.t_auth_user.user_id,ID-only-no-cross-FK,retain-owner-local-indexes,#306-copy-after-lab-submission
lrn_reminder_rule,COURSE,oj_course,id,user_id->IDENTITY.t_auth_user.user_id,ID-only-no-cross-FK,retain-owner-local-indexes,#306-validated-legacy-cutover
lrn_notification_setting,COURSE,oj_course,id,user_id->IDENTITY.t_auth_user.user_id,ID-only-no-cross-FK,retain-owner-local-indexes,#306-validated-legacy-cutover
lrn_reminder_scan_log,COURSE,oj_course,id,-,course-local-only,retain-owner-local-indexes,#306-validated-legacy-cutover
lab_score,ASSESSMENT,oj_assessment,id,teacher_id->IDENTITY.t_auth_user.user_id,ID-only-no-cross-FK,retain-owner-local-indexes,#306-copy-after-lab-submission
lab_score_change_log,ASSESSMENT,oj_assessment,id,operator_id->IDENTITY.t_auth_user.user_id,assessment-local-FK-only,retain-owner-local-indexes,#306-copy-after-lab-score
t_hwk_submission_attachment,ASSESSMENT,oj_assessment,id,course_id->COURSE.crs_course.id;uploader_id->IDENTITY.t_auth_user.user_id,ID-only-no-cross-FK,retain-owner-local-indexes,#306-copy-after-homework-submission
assessment_event_outbox,ASSESSMENT,oj_assessment,id,-,assessment-local-event-dedup-and-lease,retain-owner-local-indexes,#306-rebuild-from-owner-events
course_event_outbox,COURSE,oj_course,id,-,course-local-event-dedup-and-lease,retain-owner-local-indexes,#306-rebuild-from-owner-events
course_membership_reconciliation_checkpoint,COURSE,oj_course,course_id,-,course-local-roster-reconciliation-checkpoint,retain-owner-local-indexes,#306-rebuild-from-course-roster-events
grade_event_outbox,GRADE,oj_grade,id,-,grade-local-event-dedup-and-lease,retain-owner-local-indexes,#306-rebuild-from-owner-events
assessment_event_inbox,ASSESSMENT,oj_assessment,id,-,assessment-local-consumer-dedup,retain-owner-local-indexes,#306-rebuild-from-owner-events
grade_event_inbox,GRADE,oj_grade,id,-,grade-local-consumer-dedup,retain-owner-local-indexes,#306-rebuild-from-owner-events
learning_event_inbox,COURSE,oj_course,id,-,course-local-consumer-dedup,retain-owner-local-indexes,#306-validated-legacy-cutover
learning_event_delivery_attempt,COURSE,oj_course,consumer_name+event_id,-,course-local-retry-state,retain-owner-local-indexes,#306-validated-legacy-cutover
learning_event_dead_letter,COURSE,oj_course,id,-,course-local-dlq-dedup,retain-owner-local-indexes,#306-validated-legacy-cutover
learning_event_reconciliation_request,COURSE,oj_course,id,-,course-local-gap-reconciliation,retain-owner-local-indexes,#306-validated-legacy-cutover
learning_deferred_event,COURSE,oj_course,id,-,course-local-deferred-event-dedup-and-lease,retain-owner-local-indexes,#306-validated-legacy-cutover
learning_course_member_projection,COURSE,oj_course,course_id+user_id,course_id->COURSE.crs_course.id;user_id->IDENTITY.t_auth_user.user_id,ID-only-projection-from-course-member-event,retain-owner-local-indexes,#306-validated-legacy-cutover
learning_course_membership_watermark,COURSE,oj_course,course_id,course_id->COURSE.crs_course.id,ID-only-complete-roster-watermark,retain-owner-local-indexes,#306-validated-legacy-cutover
