id,service,method,path,auth,gateway_exposed,gateway_upstream,controller,tests,mapping_status
API-ASSESSMENT-001,assessment,GET,/api/v1/courses/{courseId}/labs,USER,true,assessment-api,services/assessment/src/main/java/com/onlinejudge/assessmentservice/controller/LabExperimentController.java,services/assessment/src/test/java/com/onlinejudge/assessmentservice/LabWorkflowContractTest.java:83#teacherCanCreateAndPublishALabBeforeStudentsCanSubmit,PASS
API-ASSESSMENT-002,assessment,POST,/api/v1/courses/{courseId}/labs,USER,true,assessment-api,services/assessment/src/main/java/com/onlinejudge/assessmentservice/controller/LabExperimentController.java,services/assessment/src/test/java/com/onlinejudge/assessmentservice/LabWorkflowContractTest.java:83#teacherCanCreateAndPublishALabBeforeStudentsCanSubmit; services/assessment/src/test/java/com/onlinejudge/assessmentservice/LabWorkflowContractTest.java:126#teacherCanCreateLabWithDocumentedStringLanguageAndMetadataFields; services/assessment/src/test/java/com/onlinejudge/assessmentservice/LabWorkflowContractTest.java:152#studentSubmissionCreatesANewLabVersionAndSharedDurableTask; services/assessment/src/test/java/com/onlinejudge/assessmentservice/LabWorkflowContractTest.java:183#manualLabSubmissionIsRecordedWithoutCreatingAnEvaluationTask; services/assessment/src/test/java/com/onlinejudge/assessmentservice/LabWorkflowContractTest.java:240#scoreReleaseProjectsAnUngradedFactForAnUnscoredManualSubmission; services/assessment/src/test/java/com/onlinejudge/assessmentservice/LabWorkflowContractTest.java:267#hiddenLabTestcasesAreOmittedFromStudentDetail; services/assessment/src/test/java/com/onlinejudge/assessmentservice/LabWorkflowContractTest.java:287#completedLabTaskPublishesVersionedSourceGradeAndStudentCanReadThePassiveResult; services/assessment/src/test/java/com/onlinejudge/assessmentservice/LabWorkflowContractTest.java:337#studentResultRedactsScoresBeforeReleaseAndRejectsRemovedMember; services/assessment/src/test/java/com/onlinejudge/assessmentservice/LabWorkflowContractTest.java:373#courseAuthorizationOutageReturnsRetryableServiceUnavailable; services/assessment/src/test/java/com/onlinejudge/assessmentservice/LabWorkflowContractTest.java:390#automaticLabRequiresPositiveTestcasesWhoseWeightsMatchMaximum; services/assessment/src/test/java/com/onlinejudge/assessmentservice/LabWorkflowContractTest.java:415#studentResultRetainsPublicFeedbackBeforeScoreRelease; services/assessment/src/test/java/com/onlinejudge/assessmentservice/LabWorkflowContractTest.java:448#workerExecutesPersistedLabCodeAgainstTestcasesAndStoresCaseResults; services/assessment/src/test/java/com/onlinejudge/assessmentservice/LabWorkflowContractTest.java:524#automaticLabEvaluationExecutesJavaAndCppSubmissions; services/assessment/src/test/java/com/onlinejudge/assessmentservice/LabWorkflowContractTest.java:554#sandboxUsesEachLabTimeLimitInsteadOfGlobalTimeout; services/assessment/src/test/java/com/onlinejudge/assessmentservice/LabWorkflowContractTest.java:587#globalTeacherWhoCannotManageThisCourseCannotCreateLabs; services/assessment/src/test/java/com/onlinejudge/assessmentservice/LabWorkflowContractTest.java:602#teacherCanManageLabLifecycleAndReadSubmissionHistory; services/assessment/src/test/java/com/onlinejudge/assessmentservice/LabWorkflowContractTest.java:645#teacherCanDeleteOnlyDraftLab; services/assessment/src/test/java/com/onlinejudge/assessmentservice/LabWorkflowContractTest.java:661#submissionHistoryIsScopedToStudentAndTeacherCanReadAllVersions; services/assessment/src/test/java/com/onlinejudge/assessmentservice/LabWorkflowContractTest.java:708#studentCanSubmitOnlineCodeWithoutUploadingAFile; services/assessment/src/test/java/com/onlinejudge/assessmentservice/LabWorkflowContractTest.java:734#teacherScorePersistsFinalScoreAndPublishesSourceGrade; services/assessment/src/test/java/com/onlinejudge/assessmentservice/LabWorkflowContractTest.java:833#releasePrefersTeacherFinalScoreOverNewerAutomaticSubmission; services/assessment/src/test/java/com/onlinejudge/assessmentservice/LabWorkflowContractTest.java:887#releasedTeacherFinalScoreSurvivesReplayOfLaterSubmission; services/assessment/src/test/java/com/onlinejudge/assessmentservice/LabWorkflowContractTest.java:930#releasedTeacherFinalScoreSurvivesEvaluationReplay; services/assessment/src/test/java/com/onlinejudge/assessmentservice/LabWorkflowContractTest.java:970#teacherCanReplayFailedLabSubmissionThroughLabEndpoint,PASS
API-ASSESSMENT-003,assessment,GET,/api/v1/evaluations/{taskId},USER,true,assessment-api,services/assessment/src/main/java/com/onlinejudge/assessmentservice/controller/AssessmentEvaluationController.java,services/assessment/src/test/java/com/onlinejudge/assessmentservice/AssessmentLifecycleContractTest.java:62#submissionCreatesDurableTaskAndResultGetHasNoWorkerSideEffect; services/assessment/src/test/java/com/onlinejudge/assessmentservice/AssessmentLifecycleContractTest.java:73#resultReadAllowsTheSubmitterOrAnActiveCourseTeacherButRejectsOtherStudents,PASS
API-ASSESSMENT-004,assessment,POST,/api/v1/evaluations/{taskId}/replay,USER,true,assessment-api,services/assessment/src/main/java/com/onlinejudge/assessmentservice/controller/AssessmentEvaluationController.java,services/assessment/src/test/java/com/onlinejudge/assessmentservice/AssessmentApiCoverageTest.java:76#evaluationReplayRequiresRequestIdAndActiveTeacherMembership,PASS
API-ASSESSMENT-005,assessment,POST,/api/v1/homeworks,USER,true,assessment-api,services/assessment/src/main/java/com/onlinejudge/assessmentservice/controller/HomeworkController.java,services/assessment/src/test/java/com/onlinejudge/assessmentservice/HomeworkWorkflowContractTest.java:75#teacherPublishesHomeworkAndCommitsCanonicalOutboxInTheSameLocalTransaction; services/assessment/src/test/java/com/onlinejudge/assessmentservice/HomeworkWorkflowContractTest.java:270#localOutboxWriteFailureRollsPublicationBackAndReturnsHwk5003; services/assessment/src/test/java/com/onlinejudge/assessmentservice/LabWorkflowContractTest.java:490#workerKeepsHomeworkEvaluationOnTheSharedDockerSandboxPath,PASS
API-ASSESSMENT-006,assessment,PUT,/api/v1/homeworks/{homeworkId}/publish,USER,true,assessment-api,services/assessment/src/main/java/com/onlinejudge/assessmentservice/controller/HomeworkController.java,services/assessment/src/test/java/com/onlinejudge/assessmentservice/HomeworkWorkflowContractTest.java:75#teacherPublishesHomeworkAndCommitsCanonicalOutboxInTheSameLocalTransaction; services/assessment/src/test/java/com/onlinejudge/assessmentservice/HomeworkWorkflowContractTest.java:270#localOutboxWriteFailureRollsPublicationBackAndReturnsHwk5003; services/assessment/src/test/java/com/onlinejudge/assessmentservice/HomeworkWorkflowContractTest.java:304#unavailableCourseAuthorizationReturns503AndWritesNoBusinessFacts; services/assessment/src/test/java/com/onlinejudge/assessmentservice/HomeworkWorkflowContractTest.java:353#managerWriteRejectionsUseTheCanonicalErrorEnvelope; services/assessment/src/test/java/com/onlinejudge/assessmentservice/LabWorkflowContractTest.java:490#workerKeepsHomeworkEvaluationOnTheSharedDockerSandboxPath,PASS
API-ASSESSMENT-007,assessment,PUT,/api/v1/homeworks/{homeworkId}/scores/publish,USER,true,assessment-api,services/assessment/src/main/java/com/onlinejudge/assessmentservice/controller/HomeworkController.java,services/assessment/src/test/java/com/onlinejudge/assessmentservice/HomeworkWorkflowContractTest.java:171#workerCompletionDefersHomeworkSourceGradeUntilTeacherPublishesScores; services/assessment/src/test/java/com/onlinejudge/assessmentservice/HomeworkWorkflowContractTest.java:217#scorePublicationRejectsPendingFinalSubmissionUntilItsWorkerCompletes; services/assessment/src/test/java/com/onlinejudge/assessmentservice/HomeworkWorkflowContractTest.java:593#historicalHomeworkTasksCannotChangeTheCurrentSubmissionSourceGrade; services/assessment/src/test/java/com/onlinejudge/assessmentservice/HomeworkWorkflowContractTest.java:633#publishedHomeworkRejectsCurrentSubmissionReevaluationWithoutRevokingItsGrade,PASS
API-ASSESSMENT-008,assessment,POST,/api/v1/homeworks/{homeworkId}/submissions,USER,true,assessment-api,services/assessment/src/main/java/com/onlinejudge/assessmentservice/controller/HomeworkController.java,services/assessment/src/test/java/com/onlinejudge/assessmentservice/AssessmentLifecycleContractTest.java:122#legacyHomeworkUploadCannotBypassHomeworkRulesAndDurableBusinessSubmission; services/assessment/src/test/java/com/onlinejudge/assessmentservice/HomeworkCourseProjectionFallbackTest.java:110#courseAuthorizationIsUsedWhenHomeworkProjectionHasAGap; services/assessment/src/test/java/com/onlinejudge/assessmentservice/HomeworkCourseProjectionFallbackTest.java:127#delayedCourseAuthorizationTimesOutAndLeavesHomeworkFactsUntouched; services/assessment/src/test/java/com/onlinejudge/assessmentservice/HomeworkCourseProjectionFallbackTest.java:148#anotherUsersProjectionGapDoesNotBlockThisStudentsHomeworkSubmission; services/assessment/src/test/java/com/onlinejudge/assessmentservice/HomeworkWorkflowContractTest.java:118#studentSubmissionPersistsHomeworkVersionAndDurableTaskInOneTransaction; services/assessment/src/test/java/com/onlinejudge/assessmentservice/HomeworkWorkflowContractTest.java:143#frontendCodeTextSubmissionNeedsNoRequestIdAndReceivesTheStandardSuccessEnvelope; services/assessment/src/test/java/com/onlinejudge/assessmentservice/HomeworkWorkflowContractTest.java:171#workerCompletionDefersHomeworkSourceGradeUntilTeacherPublishesScores; services/assessment/src/test/java/com/onlinejudge/assessmentservice/HomeworkWorkflowContractTest.java:325#courseProjectionGapFallsBackToCourseAuthorizationAndWritesNothingWhenDenied; services/assessment/src/test/java/com/onlinejudge/assessmentservice/HomeworkWorkflowContractTest.java:370#ownerCanReadOwnEvaluationWhenCourseAuthorizationIsUnavailable; services/assessment/src/test/java/com/onlinejudge/assessmentservice/HomeworkWorkflowContractTest.java:396#deadlineAndCourseMembershipRejectionsCreateExactlyNoSubmissionFacts; services/assessment/src/test/java/com/onlinejudge/assessmentservice/HomeworkWorkflowContractTest.java:424#authorizedTeacherCanReplayOnlyATerminalFailedHomeworkEvaluation; services/assessment/src/test/java/com/onlinejudge/assessmentservice/HomeworkWorkflowContractTest.java:513#reevaluationAppendsAnImmutableEvaluationRecordAndARejudgeAuditEntry; services/assessment/src/test/java/com/onlinejudge/assessmentservice/HomeworkWorkflowContractTest.java:548#reevaluationBeforeScorePublicationDoesNotExposeASourceGrade; services/assessment/src/test/java/com/onlinejudge/assessmentservice/LabWorkflowContractTest.java:490#workerKeepsHomeworkEvaluationOnTheSharedDockerSandboxPath,PASS
API-ASSESSMENT-009,assessment,DELETE,/api/v1/labs/{labId},USER,true,assessment-api,services/assessment/src/main/java/com/onlinejudge/assessmentservice/controller/LabExperimentController.java,services/assessment/src/test/java/com/onlinejudge/assessmentservice/LabWorkflowContractTest.java:645#teacherCanDeleteOnlyDraftLab,PASS
API-ASSESSMENT-010,assessment,GET,/api/v1/labs/{labId},USER,true,assessment-api,services/assessment/src/main/java/com/onlinejudge/assessmentservice/controller/LabExperimentController.java,services/assessment/src/test/java/com/onlinejudge/assessmentservice/LabWorkflowContractTest.java:267#hiddenLabTestcasesAreOmittedFromStudentDetail; services/assessment/src/test/java/com/onlinejudge/assessmentservice/LabWorkflowContractTest.java:602#teacherCanManageLabLifecycleAndReadSubmissionHistory,PASS
API-ASSESSMENT-011,assessment,PUT,/api/v1/labs/{labId},USER,true,assessment-api,services/assessment/src/main/java/com/onlinejudge/assessmentservice/controller/LabExperimentController.java,services/assessment/src/test/java/com/onlinejudge/assessmentservice/LabWorkflowContractTest.java:602#teacherCanManageLabLifecycleAndReadSubmissionHistory,PASS
API-ASSESSMENT-012,assessment,POST,/api/v1/labs/{labId}/close,USER,true,assessment-api,services/assessment/src/main/java/com/onlinejudge/assessmentservice/controller/LabExperimentController.java,services/assessment/src/test/java/com/onlinejudge/assessmentservice/LabWorkflowContractTest.java:602#teacherCanManageLabLifecycleAndReadSubmissionHistory,PASS
API-ASSESSMENT-013,assessment,POST,/api/v1/labs/{labId}/publish,USER,true,assessment-api,services/assessment/src/main/java/com/onlinejudge/assessmentservice/controller/LabExperimentController.java,services/assessment/src/test/java/com/onlinejudge/assessmentservice/LabWorkflowContractTest.java:83#teacherCanCreateAndPublishALabBeforeStudentsCanSubmit; services/assessment/src/test/java/com/onlinejudge/assessmentservice/LabWorkflowContractTest.java:152#studentSubmissionCreatesANewLabVersionAndSharedDurableTask; services/assessment/src/test/java/com/onlinejudge/assessmentservice/LabWorkflowContractTest.java:183#manualLabSubmissionIsRecordedWithoutCreatingAnEvaluationTask; services/assessment/src/test/java/com/onlinejudge/assessmentservice/LabWorkflowContractTest.java:240#scoreReleaseProjectsAnUngradedFactForAnUnscoredManualSubmission; services/assessment/src/test/java/com/onlinejudge/assessmentservice/LabWorkflowContractTest.java:267#hiddenLabTestcasesAreOmittedFromStudentDetail; services/assessment/src/test/java/com/onlinejudge/assessmentservice/LabWorkflowContractTest.java:287#completedLabTaskPublishesVersionedSourceGradeAndStudentCanReadThePassiveResult; services/assessment/src/test/java/com/onlinejudge/assessmentservice/LabWorkflowContractTest.java:337#studentResultRedactsScoresBeforeReleaseAndRejectsRemovedMember; services/assessment/src/test/java/com/onlinejudge/assessmentservice/LabWorkflowContractTest.java:415#studentResultRetainsPublicFeedbackBeforeScoreRelease; services/assessment/src/test/java/com/onlinejudge/assessmentservice/LabWorkflowContractTest.java:448#workerExecutesPersistedLabCodeAgainstTestcasesAndStoresCaseResults; services/assessment/src/test/java/com/onlinejudge/assessmentservice/LabWorkflowContractTest.java:524#automaticLabEvaluationExecutesJavaAndCppSubmissions; services/assessment/src/test/java/com/onlinejudge/assessmentservice/LabWorkflowContractTest.java:554#sandboxUsesEachLabTimeLimitInsteadOfGlobalTimeout; services/assessment/src/test/java/com/onlinejudge/assessmentservice/LabWorkflowContractTest.java:602#teacherCanManageLabLifecycleAndReadSubmissionHistory; services/assessment/src/test/java/com/onlinejudge/assessmentservice/LabWorkflowContractTest.java:661#submissionHistoryIsScopedToStudentAndTeacherCanReadAllVersions; services/assessment/src/test/java/com/onlinejudge/assessmentservice/LabWorkflowContractTest.java:708#studentCanSubmitOnlineCodeWithoutUploadingAFile; services/assessment/src/test/java/com/onlinejudge/assessmentservice/LabWorkflowContractTest.java:734#teacherScorePersistsFinalScoreAndPublishesSourceGrade; services/assessment/src/test/java/com/onlinejudge/assessmentservice/LabWorkflowContractTest.java:833#releasePrefersTeacherFinalScoreOverNewerAutomaticSubmission; services/assessment/src/test/java/com/onlinejudge/assessmentservice/LabWorkflowContractTest.java:887#releasedTeacherFinalScoreSurvivesReplayOfLaterSubmission; services/assessment/src/test/java/com/onlinejudge/assessmentservice/LabWorkflowContractTest.java:930#releasedTeacherFinalScoreSurvivesEvaluationReplay; services/assessment/src/test/java/com/onlinejudge/assessmentservice/LabWorkflowContractTest.java:970#teacherCanReplayFailedLabSubmissionThroughLabEndpoint,PASS
API-ASSESSMENT-014,assessment,PUT,/api/v1/labs/{labId}/release-scores,USER,true,assessment-api,services/assessment/src/main/java/com/onlinejudge/assessmentservice/controller/LabExperimentController.java,services/assessment/src/test/java/com/onlinejudge/assessmentservice/LabWorkflowContractTest.java:183#manualLabSubmissionIsRecordedWithoutCreatingAnEvaluationTask; services/assessment/src/test/java/com/onlinejudge/assessmentservice/LabWorkflowContractTest.java:240#scoreReleaseProjectsAnUngradedFactForAnUnscoredManualSubmission; services/assessment/src/test/java/com/onlinejudge/assessmentservice/LabWorkflowContractTest.java:287#completedLabTaskPublishesVersionedSourceGradeAndStudentCanReadThePassiveResult; services/assessment/src/test/java/com/onlinejudge/assessmentservice/LabWorkflowContractTest.java:448#workerExecutesPersistedLabCodeAgainstTestcasesAndStoresCaseResults; services/assessment/src/test/java/com/onlinejudge/assessmentservice/LabWorkflowContractTest.java:602#teacherCanManageLabLifecycleAndReadSubmissionHistory; services/assessment/src/test/java/com/onlinejudge/assessmentservice/LabWorkflowContractTest.java:734#teacherScorePersistsFinalScoreAndPublishesSourceGrade; services/assessment/src/test/java/com/onlinejudge/assessmentservice/LabWorkflowContractTest.java:833#releasePrefersTeacherFinalScoreOverNewerAutomaticSubmission; services/assessment/src/test/java/com/onlinejudge/assessmentservice/LabWorkflowContractTest.java:887#releasedTeacherFinalScoreSurvivesReplayOfLaterSubmission; services/assessment/src/test/java/com/onlinejudge/assessmentservice/LabWorkflowContractTest.java:930#releasedTeacherFinalScoreSurvivesEvaluationReplay,PASS
API-ASSESSMENT-015,assessment,GET,/api/v1/labs/{labId}/results/{studentId},USER,true,assessment-api,services/assessment/src/main/java/com/onlinejudge/assessmentservice/controller/LabEvaluationController.java,services/assessment/src/test/java/com/onlinejudge/assessmentservice/LabWorkflowContractTest.java:183#manualLabSubmissionIsRecordedWithoutCreatingAnEvaluationTask; services/assessment/src/test/java/com/onlinejudge/assessmentservice/LabWorkflowContractTest.java:337#studentResultRedactsScoresBeforeReleaseAndRejectsRemovedMember; services/assessment/src/test/java/com/onlinejudge/assessmentservice/LabWorkflowContractTest.java:415#studentResultRetainsPublicFeedbackBeforeScoreRelease; services/assessment/src/test/java/com/onlinejudge/assessmentservice/LabWorkflowContractTest.java:734#teacherScorePersistsFinalScoreAndPublishesSourceGrade; services/assessment/src/test/java/com/onlinejudge/assessmentservice/LabWorkflowContractTest.java:833#releasePrefersTeacherFinalScoreOverNewerAutomaticSubmission,PASS
API-ASSESSMENT-016,assessment,GET,/api/v1/labs/{labId}/statistics,USER,true,assessment-api,services/assessment/src/main/java/com/onlinejudge/assessmentservice/controller/LabEvaluationController.java,services/assessment/src/test/java/com/onlinejudge/assessmentservice/LabWorkflowContractTest.java:734#teacherScorePersistsFinalScoreAndPublishesSourceGrade; services/assessment/src/test/java/com/onlinejudge/assessmentservice/LabWorkflowContractTest.java:833#releasePrefersTeacherFinalScoreOverNewerAutomaticSubmission,PASS
API-ASSESSMENT-017,assessment,GET,/api/v1/labs/{labId}/submissions,USER,true,assessment-api,services/assessment/src/main/java/com/onlinejudge/assessmentservice/controller/LabEvaluationController.java,services/assessment/src/test/java/com/onlinejudge/assessmentservice/LabWorkflowContractTest.java:661#submissionHistoryIsScopedToStudentAndTeacherCanReadAllVersions,PASS
API-ASSESSMENT-018,assessment,GET,/api/v1/labs/{labId}/submissions/{submissionId},USER,true,assessment-api,services/assessment/src/main/java/com/onlinejudge/assessmentservice/controller/LabEvaluationController.java,services/assessment/src/test/java/com/onlinejudge/assessmentservice/LabWorkflowContractTest.java:661#submissionHistoryIsScopedToStudentAndTeacherCanReadAllVersions,PASS
API-ASSESSMENT-019,assessment,POST,/api/v1/labs/{labId}/submissions/{submissionId}/evaluate,USER,true,assessment-api,services/assessment/src/main/java/com/onlinejudge/assessmentservice/controller/LabEvaluationController.java,services/assessment/src/test/java/com/onlinejudge/assessmentservice/LabWorkflowContractTest.java:183#manualLabSubmissionIsRecordedWithoutCreatingAnEvaluationTask; services/assessment/src/test/java/com/onlinejudge/assessmentservice/LabWorkflowContractTest.java:887#releasedTeacherFinalScoreSurvivesReplayOfLaterSubmission; services/assessment/src/test/java/com/onlinejudge/assessmentservice/LabWorkflowContractTest.java:930#releasedTeacherFinalScoreSurvivesEvaluationReplay; services/assessment/src/test/java/com/onlinejudge/assessmentservice/LabWorkflowContractTest.java:970#teacherCanReplayFailedLabSubmissionThroughLabEndpoint,PASS
API-ASSESSMENT-020,assessment,GET,/api/v1/labs/{labId}/submissions/{submissionId}/result,USER,true,assessment-api,services/assessment/src/main/java/com/onlinejudge/assessmentservice/controller/LabEvaluationController.java,services/assessment/src/test/java/com/onlinejudge/assessmentservice/LabWorkflowContractTest.java:287#completedLabTaskPublishesVersionedSourceGradeAndStudentCanReadThePassiveResult; services/assessment/src/test/java/com/onlinejudge/assessmentservice/LabWorkflowContractTest.java:448#workerExecutesPersistedLabCodeAgainstTestcasesAndStoresCaseResults,PASS
API-ASSESSMENT-021,assessment,POST,/api/v1/labs/{labId}/submissions/{submissionId}/score,USER,true,assessment-api,services/assessment/src/main/java/com/onlinejudge/assessmentservice/controller/LabEvaluationController.java,services/assessment/src/test/java/com/onlinejudge/assessmentservice/LabWorkflowContractTest.java:183#manualLabSubmissionIsRecordedWithoutCreatingAnEvaluationTask; services/assessment/src/test/java/com/onlinejudge/assessmentservice/LabWorkflowContractTest.java:337#studentResultRedactsScoresBeforeReleaseAndRejectsRemovedMember; services/assessment/src/test/java/com/onlinejudge/assessmentservice/LabWorkflowContractTest.java:734#teacherScorePersistsFinalScoreAndPublishesSourceGrade; services/assessment/src/test/java/com/onlinejudge/assessmentservice/LabWorkflowContractTest.java:833#releasePrefersTeacherFinalScoreOverNewerAutomaticSubmission; services/assessment/src/test/java/com/onlinejudge/assessmentservice/LabWorkflowContractTest.java:887#releasedTeacherFinalScoreSurvivesReplayOfLaterSubmission; services/assessment/src/test/java/com/onlinejudge/assessmentservice/LabWorkflowContractTest.java:930#releasedTeacherFinalScoreSurvivesEvaluationReplay,PASS
API-ASSESSMENT-022,assessment,POST,/api/v1/labs/{sourceId}/submissions,USER,true,assessment-api,services/assessment/src/main/java/com/onlinejudge/assessmentservice/controller/AssessmentSubmissionController.java,services/assessment/src/test/java/com/onlinejudge/assessmentservice/AssessmentLifecycleContractTest.java:100#labEndpointPersistsUploadedBytesAndKeepsEvaluationReadsPassive; services/assessment/src/test/java/com/onlinejudge/assessmentservice/LabCourseProjectionFallbackTest.java:100#courseAuthorizationIsUsedWhenProjectionHasAGap; services/assessment/src/test/java/com/onlinejudge/assessmentservice/LabCourseProjectionFallbackTest.java:113#delayedCourseAuthorizationTimesOutAndLeavesLabFactsUntouched; services/assessment/src/test/java/com/onlinejudge/assessmentservice/LabWorkflowContractTest.java:152#studentSubmissionCreatesANewLabVersionAndSharedDurableTask; services/assessment/src/test/java/com/onlinejudge/assessmentservice/LabWorkflowContractTest.java:183#manualLabSubmissionIsRecordedWithoutCreatingAnEvaluationTask; services/assessment/src/test/java/com/onlinejudge/assessmentservice/LabWorkflowContractTest.java:240#scoreReleaseProjectsAnUngradedFactForAnUnscoredManualSubmission; services/assessment/src/test/java/com/onlinejudge/assessmentservice/LabWorkflowContractTest.java:287#completedLabTaskPublishesVersionedSourceGradeAndStudentCanReadThePassiveResult; services/assessment/src/test/java/com/onlinejudge/assessmentservice/LabWorkflowContractTest.java:337#studentResultRedactsScoresBeforeReleaseAndRejectsRemovedMember; services/assessment/src/test/java/com/onlinejudge/assessmentservice/LabWorkflowContractTest.java:415#studentResultRetainsPublicFeedbackBeforeScoreRelease; services/assessment/src/test/java/com/onlinejudge/assessmentservice/LabWorkflowContractTest.java:448#workerExecutesPersistedLabCodeAgainstTestcasesAndStoresCaseResults; services/assessment/src/test/java/com/onlinejudge/assessmentservice/LabWorkflowContractTest.java:524#automaticLabEvaluationExecutesJavaAndCppSubmissions; services/assessment/src/test/java/com/onlinejudge/assessmentservice/LabWorkflowContractTest.java:554#sandboxUsesEachLabTimeLimitInsteadOfGlobalTimeout; services/assessment/src/test/java/com/onlinejudge/assessmentservice/LabWorkflowContractTest.java:661#submissionHistoryIsScopedToStudentAndTeacherCanReadAllVersions; services/assessment/src/test/java/com/onlinejudge/assessmentservice/LabWorkflowContractTest.java:708#studentCanSubmitOnlineCodeWithoutUploadingAFile; services/assessment/src/test/java/com/onlinejudge/assessmentservice/LabWorkflowContractTest.java:734#teacherScorePersistsFinalScoreAndPublishesSourceGrade; services/assessment/src/test/java/com/onlinejudge/assessmentservice/LabWorkflowContractTest.java:833#releasePrefersTeacherFinalScoreOverNewerAutomaticSubmission; services/assessment/src/test/java/com/onlinejudge/assessmentservice/LabWorkflowContractTest.java:887#releasedTeacherFinalScoreSurvivesReplayOfLaterSubmission; services/assessment/src/test/java/com/onlinejudge/assessmentservice/LabWorkflowContractTest.java:930#releasedTeacherFinalScoreSurvivesEvaluationReplay; services/assessment/src/test/java/com/onlinejudge/assessmentservice/LabWorkflowContractTest.java:970#teacherCanReplayFailedLabSubmissionThroughLabEndpoint,PASS
API-ASSESSMENT-023,assessment,POST,/api/v1/submissions,USER,true,assessment-api,services/assessment/src/main/java/com/onlinejudge/assessmentservice/controller/AssessmentSubmissionController.java,services/assessment/src/test/java/com/onlinejudge/assessmentservice/AssessmentLifecycleContractTest.java:138#genericSubmissionEndpointCannotBypassCanonicalHomeworkRules; services/assessment/src/test/java/com/onlinejudge/assessmentservice/AssessmentSecurityAndProjectionTest.java:49#forgedHeadersAreRejectedAndAnAuthenticatedStudentCannotBypassTheCanonicalLabSubmissionRoute; services/assessment/src/test/java/com/onlinejudge/assessmentservice/AssessmentSecurityAndProjectionTest.java:60#genericSubmissionEndpointCannotForgeALabThatHasNoPublishedLabFact; services/assessment/src/test/java/com/onlinejudge/assessmentservice/IdentitySecurityVersionProjectionTest.java:54#gapIsDurableButTheHighestObservedMinimumImmediatelyRejectsOldBearerUntilReplayClosesIt,PASS
API-ASSESSMENT-024,assessment,GET,/api/v1/submissions/{submissionId}/evaluation,USER,true,assessment-api,services/assessment/src/main/java/com/onlinejudge/assessmentservice/controller/HomeworkEvaluationController.java,services/assessment/src/test/java/com/onlinejudge/assessmentservice/HomeworkWorkflowContractTest.java:143#frontendCodeTextSubmissionNeedsNoRequestIdAndReceivesTheStandardSuccessEnvelope; services/assessment/src/test/java/com/onlinejudge/assessmentservice/HomeworkWorkflowContractTest.java:171#workerCompletionDefersHomeworkSourceGradeUntilTeacherPublishesScores; services/assessment/src/test/java/com/onlinejudge/assessmentservice/HomeworkWorkflowContractTest.java:252#courseManagerWhoOwnsTheSubmissionCanSeeItsUnpublishedEvaluation; services/assessment/src/test/java/com/onlinejudge/assessmentservice/HomeworkWorkflowContractTest.java:370#ownerCanReadOwnEvaluationWhenCourseAuthorizationIsUnavailable; services/assessment/src/test/java/com/onlinejudge/assessmentservice/HomeworkWorkflowContractTest.java:513#reevaluationAppendsAnImmutableEvaluationRecordAndARejudgeAuditEntry; services/assessment/src/test/java/com/onlinejudge/assessmentservice/HomeworkWorkflowContractTest.java:548#reevaluationBeforeScorePublicationDoesNotExposeASourceGrade,PASS
API-ASSESSMENT-025,assessment,POST,/api/v1/submissions/{submissionId}/reevaluate,USER,true,assessment-api,services/assessment/src/main/java/com/onlinejudge/assessmentservice/controller/HomeworkEvaluationController.java,services/assessment/src/test/java/com/onlinejudge/assessmentservice/HomeworkWorkflowContractTest.java:424#authorizedTeacherCanReplayOnlyATerminalFailedHomeworkEvaluation; services/assessment/src/test/java/com/onlinejudge/assessmentservice/HomeworkWorkflowContractTest.java:513#reevaluationAppendsAnImmutableEvaluationRecordAndARejudgeAuditEntry; services/assessment/src/test/java/com/onlinejudge/assessmentservice/HomeworkWorkflowContractTest.java:548#reevaluationBeforeScorePublicationDoesNotExposeASourceGrade; services/assessment/src/test/java/com/onlinejudge/assessmentservice/HomeworkWorkflowContractTest.java:593#historicalHomeworkTasksCannotChangeTheCurrentSubmissionSourceGrade; services/assessment/src/test/java/com/onlinejudge/assessmentservice/HomeworkWorkflowContractTest.java:633#publishedHomeworkRejectsCurrentSubmissionReevaluationWithoutRevokingItsGrade; services/assessment/src/test/java/com/onlinejudge/assessmentservice/HomeworkWorkflowContractTest.java:664#homeworkReevaluationEndpointRejectsLabTask,PASS
API-ASSESSMENT-026,assessment,GET,/health/ready,PUBLIC,false,assessment-api,services/assessment/src/main/java/com/onlinejudge/assessmentservice/controller/ReadinessController.java,services/assessment/src/test/java/com/onlinejudge/assessmentservice/AssessmentApiCoverageTest.java:69#readinessProbeReportsUpWhenDatabaseAnswers,PASS
API-ASSESSMENT-027,assessment,GET,/internal/v2/source-grades,SERVICE,false,assessment-api,services/assessment/src/main/java/com/onlinejudge/assessmentservice/controller/AssessmentSourceGradeController.java,services/assessment/src/test/java/com/onlinejudge/assessmentservice/SourceGradeRebuildApiTest.java:46#gradeServiceCanReadStablePaginatedSourceFactsButUserBearerCannot; services/assessment/src/test/java/com/onlinejudge/assessmentservice/SourceGradeRebuildApiTest.java:76#laterPagesReuseTheOriginalSnapshotWhenAnotherStudentGradeChanges; services/assessment/src/test/java/com/onlinejudge/assessmentservice/SourceGradeRebuildApiTest.java:100#preUpgradeSnapshotTokenIsRejectedInsteadOfReturningAnEmptyGradeSet,PASS
API-COURSE-028,course,GET,/api/v1/courses,USER,true,course-service,services/course/src/main/java/com/onlinejudge/courseservice/controller/CourseController.java,services/course/src/test/java/com/onlinejudge/courseservice/CourseServiceContractTest.java:245#expiredBearerTokenFailsClosedAsSessionExpired; services/course/src/test/java/com/onlinejudge/courseservice/CourseServiceContractTest.java:393#inviteEnrollmentLeaveHiddenChaptersAndAnnouncementsFollowCoursePermissions,PASS
API-COURSE-029,course,POST,/api/v1/courses,USER,true,course-service,services/course/src/main/java/com/onlinejudge/courseservice/controller/CourseController.java,services/course/src/test/java/com/onlinejudge/courseservice/CourseServiceContractTest.java:200#bearerTeacherCreatesCourseAndTransactionalMembershipFactsWhileLearningIsUnavailable; services/course/src/test/java/com/onlinejudge/courseservice/CourseServiceContractTest.java:227#forgedGatewayHeadersCannotCreateCourseAndCachedTrustBundleKeepsExistingSessionOffline; services/course/src/test/java/com/onlinejudge/courseservice/CourseServiceContractTest.java:263#internalV2AuthorizationUsesAudienceBoundServiceJwtAndReturnsCanonicalPage; services/course/src/test/java/com/onlinejudge/courseservice/CourseServiceContractTest.java:289#nonUuidCorrelationIdIsAcceptedPerThePublishedCourseV2HeaderContract; services/course/src/test/java/com/onlinejudge/courseservice/CourseServiceContractTest.java:393#inviteEnrollmentLeaveHiddenChaptersAndAnnouncementsFollowCoursePermissions; services/course/src/test/java/com/onlinejudge/courseservice/CourseServiceContractTest.java:463#invalidApiPayloadReturnsClientErrorInsteadOfGenericInternalError; services/course/src/test/java/com/onlinejudge/courseservice/CourseServiceContractTest.java:810#memberStatusChangesFollowEnrollmentStateMachineAndRejectDirectActivation; services/course/src/test/java/com/onlinejudge/courseservice/CourseServiceContractTest.java:1026#loweringCourseCapacityBelowActiveRosterIsRejectedWhileTheCourseRowLockGuardsIt; services/course/src/test/java/com/onlinejudge/courseservice/CourseServiceContractTest.java:1156#internalV2EndpointsAcceptTrustedMtlsWorkloadCertificateWithoutServiceJwt; services/course/src/test/java/com/onlinejudge/courseservice/LrnFoldServiceTest.java:111#homeworkFactBeforeCompleteRosterWatermarkFailsClosedWithReconciliationGap; services/course/src/test/java/com/onlinejudge/courseservice/LrnFoldServiceTest.java:356#learningProgressRecordTaskAndReminderApisRoundTrip,PASS
API-COURSE-030,course,DELETE,/api/v1/courses/{courseId},USER,true,course-service,services/course/src/main/java/com/onlinejudge/courseservice/controller/CourseController.java,services/course/src/test/java/com/onlinejudge/courseservice/CourseServiceContractTest.java:471#courseChapterAndResourceMutationApisRequireCourseManagerAndArchiveClosesEnrollment; services/course/src/test/java/com/onlinejudge/courseservice/CourseServiceContractTest.java:718#archivedAndClosedCoursesRejectContentMutationsWhileStayingReadable; services/course/src/test/java/com/onlinejudge/courseservice/CourseServiceContractTest.java:765#archivedAndClosedCoursesRejectMemberMutationsAndLeaveWhileStayingReadable,PASS
API-COURSE-031,course,GET,/api/v1/courses/{courseId},USER,true,course-service,services/course/src/main/java/com/onlinejudge/courseservice/controller/CourseController.java,services/course/src/test/java/com/onlinejudge/courseservice/CourseServiceContractTest.java:254#unknownCourseDetailReturnsCourseNotFoundForAuthenticatedUser,PASS
API-COURSE-032,course,PUT,/api/v1/courses/{courseId},USER,true,course-service,services/course/src/main/java/com/onlinejudge/courseservice/controller/CourseController.java,services/course/src/test/java/com/onlinejudge/courseservice/CourseServiceContractTest.java:471#courseChapterAndResourceMutationApisRequireCourseManagerAndArchiveClosesEnrollment; services/course/src/test/java/com/onlinejudge/courseservice/CourseServiceContractTest.java:718#archivedAndClosedCoursesRejectContentMutationsWhileStayingReadable; services/course/src/test/java/com/onlinejudge/courseservice/CourseServiceContractTest.java:765#archivedAndClosedCoursesRejectMemberMutationsAndLeaveWhileStayingReadable; services/course/src/test/java/com/onlinejudge/courseservice/CourseServiceContractTest.java:1026#loweringCourseCapacityBelowActiveRosterIsRejectedWhileTheCourseRowLockGuardsIt,PASS
API-COURSE-033,course,GET,/api/v1/courses/{courseId}/announcements,USER,true,course-service,services/course/src/main/java/com/onlinejudge/courseservice/controller/CourseController.java,services/course/src/test/java/com/onlinejudge/courseservice/CourseServiceContractTest.java:393#inviteEnrollmentLeaveHiddenChaptersAndAnnouncementsFollowCoursePermissions; services/course/src/test/java/com/onlinejudge/courseservice/CourseServiceContractTest.java:718#archivedAndClosedCoursesRejectContentMutationsWhileStayingReadable,PASS
API-COURSE-034,course,POST,/api/v1/courses/{courseId}/announcements,USER,true,course-service,services/course/src/main/java/com/onlinejudge/courseservice/controller/CourseController.java,services/course/src/test/java/com/onlinejudge/courseservice/CourseServiceContractTest.java:393#inviteEnrollmentLeaveHiddenChaptersAndAnnouncementsFollowCoursePermissions; services/course/src/test/java/com/onlinejudge/courseservice/CourseServiceContractTest.java:627#memberHomeSummaryReturnsCourseAnnouncementsAndLocalRecentTasksFromTheFoldedProjection; services/course/src/test/java/com/onlinejudge/courseservice/CourseServiceContractTest.java:718#archivedAndClosedCoursesRejectContentMutationsWhileStayingReadable,PASS
API-COURSE-035,course,DELETE,/api/v1/courses/{courseId}/announcements/{announcementId},USER,true,course-service,services/course/src/main/java/com/onlinejudge/courseservice/controller/CourseController.java,services/course/src/test/java/com/onlinejudge/courseservice/CourseServiceContractTest.java:393#inviteEnrollmentLeaveHiddenChaptersAndAnnouncementsFollowCoursePermissions,PASS
API-COURSE-036,course,PUT,/api/v1/courses/{courseId}/announcements/{announcementId},USER,true,course-service,services/course/src/main/java/com/onlinejudge/courseservice/controller/CourseController.java,services/course/src/test/java/com/onlinejudge/courseservice/CourseServiceContractTest.java:393#inviteEnrollmentLeaveHiddenChaptersAndAnnouncementsFollowCoursePermissions,PASS
API-COURSE-037,course,GET,/api/v1/courses/{courseId}/chapters,USER,true,course-service,services/course/src/main/java/com/onlinejudge/courseservice/controller/CourseController.java,services/course/src/test/java/com/onlinejudge/courseservice/CourseServiceContractTest.java:393#inviteEnrollmentLeaveHiddenChaptersAndAnnouncementsFollowCoursePermissions; services/course/src/test/java/com/onlinejudge/courseservice/CourseServiceContractTest.java:718#archivedAndClosedCoursesRejectContentMutationsWhileStayingReadable,PASS
API-COURSE-038,course,POST,/api/v1/courses/{courseId}/chapters,USER,true,course-service,services/course/src/main/java/com/onlinejudge/courseservice/controller/CourseController.java,services/course/src/test/java/com/onlinejudge/courseservice/CourseServiceContractTest.java:393#inviteEnrollmentLeaveHiddenChaptersAndAnnouncementsFollowCoursePermissions; services/course/src/test/java/com/onlinejudge/courseservice/CourseServiceContractTest.java:471#courseChapterAndResourceMutationApisRequireCourseManagerAndArchiveClosesEnrollment; services/course/src/test/java/com/onlinejudge/courseservice/CourseServiceContractTest.java:603#chapterCreationReturnsItsGeneratedRowInsteadOfTheLastSortedChapter; services/course/src/test/java/com/onlinejudge/courseservice/CourseServiceContractTest.java:718#archivedAndClosedCoursesRejectContentMutationsWhileStayingReadable; services/course/src/test/java/com/onlinejudge/courseservice/CourseServiceContractTest.java:978#siblingChapterOrderConflictIsRejectedWith409ForCreateUpdateAndDifferentParents; services/course/src/test/java/com/onlinejudge/courseservice/CourseServiceContractTest.java:1054#rejoiningRemovedAssistantResetsToStudentAndNeverRestoresManagement,PASS
API-COURSE-039,course,DELETE,/api/v1/courses/{courseId}/chapters/{chapterId},USER,true,course-service,services/course/src/main/java/com/onlinejudge/courseservice/controller/CourseController.java,services/course/src/test/java/com/onlinejudge/courseservice/CourseServiceContractTest.java:471#courseChapterAndResourceMutationApisRequireCourseManagerAndArchiveClosesEnrollment,PASS
API-COURSE-040,course,PUT,/api/v1/courses/{courseId}/chapters/{chapterId},USER,true,course-service,services/course/src/main/java/com/onlinejudge/courseservice/controller/CourseController.java,services/course/src/test/java/com/onlinejudge/courseservice/CourseServiceContractTest.java:471#courseChapterAndResourceMutationApisRequireCourseManagerAndArchiveClosesEnrollment; services/course/src/test/java/com/onlinejudge/courseservice/CourseServiceContractTest.java:978#siblingChapterOrderConflictIsRejectedWith409ForCreateUpdateAndDifferentParents,PASS
API-COURSE-041,course,GET,/api/v1/courses/{courseId}/home-summary,USER,true,course-service,services/course/src/main/java/com/onlinejudge/courseservice/controller/CourseController.java,services/course/src/test/java/com/onlinejudge/courseservice/CourseServiceContractTest.java:627#memberHomeSummaryReturnsCourseAnnouncementsAndLocalRecentTasksFromTheFoldedProjection; services/course/src/test/java/com/onlinejudge/courseservice/CourseServiceContractTest.java:672#memberHomeSummaryShowsEmptyTaskSectionWithoutFabricatingRows; services/course/src/test/java/com/onlinejudge/courseservice/CourseServiceContractTest.java:688#memberHomeSummaryUsesLocalProjectionEvenWhenLegacyLearningEndpointIsUnreachable; services/course/src/test/java/com/onlinejudge/courseservice/CourseServiceContractTest.java:707#nonMemberHomeSummaryIsDenied,PASS
API-COURSE-042,course,POST,/api/v1/courses/{courseId}/join,USER,true,course-service,services/course/src/main/java/com/onlinejudge/courseservice/controller/CourseController.java,services/course/src/test/java/com/onlinejudge/courseservice/CourseApiCoverageTest.java:90#membersAndStudentsEndpointsReturnRoleScopedRoster; services/course/src/test/java/com/onlinejudge/courseservice/CourseServiceContractTest.java:315#membershipChangePublishesPerMemberAndCompleteRosterWatermarkInTheSameCourseTransaction; services/course/src/test/java/com/onlinejudge/courseservice/CourseServiceContractTest.java:393#inviteEnrollmentLeaveHiddenChaptersAndAnnouncementsFollowCoursePermissions; services/course/src/test/java/com/onlinejudge/courseservice/CourseServiceContractTest.java:471#courseChapterAndResourceMutationApisRequireCourseManagerAndArchiveClosesEnrollment; services/course/src/test/java/com/onlinejudge/courseservice/CourseServiceContractTest.java:533#assistantCanManageVersionedFileResourceWhileMemberDownloadsAndLogicalDeleteHidesIt; services/course/src/test/java/com/onlinejudge/courseservice/CourseServiceContractTest.java:573#resourceDownloadGetIsReadOnlyAcrossBrowserPrefetchRetries; services/course/src/test/java/com/onlinejudge/courseservice/CourseServiceContractTest.java:627#memberHomeSummaryReturnsCourseAnnouncementsAndLocalRecentTasksFromTheFoldedProjection; services/course/src/test/java/com/onlinejudge/courseservice/CourseServiceContractTest.java:672#memberHomeSummaryShowsEmptyTaskSectionWithoutFabricatingRows; services/course/src/test/java/com/onlinejudge/courseservice/CourseServiceContractTest.java:688#memberHomeSummaryUsesLocalProjectionEvenWhenLegacyLearningEndpointIsUnreachable; services/course/src/test/java/com/onlinejudge/courseservice/CourseServiceContractTest.java:765#archivedAndClosedCoursesRejectMemberMutationsAndLeaveWhileStayingReadable; services/course/src/test/java/com/onlinejudge/courseservice/CourseServiceContractTest.java:810#memberStatusChangesFollowEnrollmentStateMachineAndRejectDirectActivation; services/course/src/test/java/com/onlinejudge/courseservice/CourseServiceContractTest.java:879#courseOwnerCannotChangeOwnTeacherIdentityInMultiTeacherCourse; services/course/src/test/java/com/onlinejudge/courseservice/CourseServiceContractTest.java:1026#loweringCourseCapacityBelowActiveRosterIsRejectedWhileTheCourseRowLockGuardsIt; services/course/src/test/java/com/onlinejudge/courseservice/CourseServiceContractTest.java:1054#rejoiningRemovedAssistantResetsToStudentAndNeverRestoresManagement; services/course/src/test/java/com/onlinejudge/courseservice/LrnFoldServiceTest.java:356#learningProgressRecordTaskAndReminderApisRoundTrip,PASS
API-COURSE-043,course,POST,/api/v1/courses/{courseId}/leave,USER,true,course-service,services/course/src/main/java/com/onlinejudge/courseservice/controller/CourseController.java,services/course/src/test/java/com/onlinejudge/courseservice/CourseServiceContractTest.java:393#inviteEnrollmentLeaveHiddenChaptersAndAnnouncementsFollowCoursePermissions; services/course/src/test/java/com/onlinejudge/courseservice/CourseServiceContractTest.java:765#archivedAndClosedCoursesRejectMemberMutationsAndLeaveWhileStayingReadable,PASS
API-COURSE-044,course,GET,/api/v1/courses/{courseId}/members,USER,true,course-service,services/course/src/main/java/com/onlinejudge/courseservice/controller/CourseController.java,services/course/src/test/java/com/onlinejudge/courseservice/CourseApiCoverageTest.java:90#membersAndStudentsEndpointsReturnRoleScopedRoster; services/course/src/test/java/com/onlinejudge/courseservice/CourseApiCoverageTest.java:123#rosterReadEndpointsRejectMissingBearer,PASS
API-COURSE-045,course,DELETE,/api/v1/courses/{courseId}/members/{userId},USER,true,course-service,services/course/src/main/java/com/onlinejudge/courseservice/controller/CourseController.java,services/course/src/test/java/com/onlinejudge/courseservice/CourseServiceContractTest.java:765#archivedAndClosedCoursesRejectMemberMutationsAndLeaveWhileStayingReadable; services/course/src/test/java/com/onlinejudge/courseservice/CourseServiceContractTest.java:879#courseOwnerCannotChangeOwnTeacherIdentityInMultiTeacherCourse,PASS
API-COURSE-046,course,PUT,/api/v1/courses/{courseId}/members/{userId},USER,true,course-service,services/course/src/main/java/com/onlinejudge/courseservice/controller/CourseController.java,services/course/src/test/java/com/onlinejudge/courseservice/CourseServiceContractTest.java:315#membershipChangePublishesPerMemberAndCompleteRosterWatermarkInTheSameCourseTransaction; services/course/src/test/java/com/onlinejudge/courseservice/CourseServiceContractTest.java:533#assistantCanManageVersionedFileResourceWhileMemberDownloadsAndLogicalDeleteHidesIt; services/course/src/test/java/com/onlinejudge/courseservice/CourseServiceContractTest.java:765#archivedAndClosedCoursesRejectMemberMutationsAndLeaveWhileStayingReadable; services/course/src/test/java/com/onlinejudge/courseservice/CourseServiceContractTest.java:810#memberStatusChangesFollowEnrollmentStateMachineAndRejectDirectActivation; services/course/src/test/java/com/onlinejudge/courseservice/CourseServiceContractTest.java:879#courseOwnerCannotChangeOwnTeacherIdentityInMultiTeacherCourse; services/course/src/test/java/com/onlinejudge/courseservice/CourseServiceContractTest.java:1054#rejoiningRemovedAssistantResetsToStudentAndNeverRestoresManagement,PASS
API-COURSE-047,course,GET,/api/v1/courses/{courseId}/resources,USER,true,course-service,services/course/src/main/java/com/onlinejudge/courseservice/controller/CourseController.java,services/course/src/test/java/com/onlinejudge/courseservice/CourseServiceContractTest.java:533#assistantCanManageVersionedFileResourceWhileMemberDownloadsAndLogicalDeleteHidesIt,PASS
API-COURSE-048,course,POST,/api/v1/courses/{courseId}/resources,USER,true,course-service,services/course/src/main/java/com/onlinejudge/courseservice/controller/CourseController.java,services/course/src/test/java/com/onlinejudge/courseservice/CourseServiceContractTest.java:471#courseChapterAndResourceMutationApisRequireCourseManagerAndArchiveClosesEnrollment; services/course/src/test/java/com/onlinejudge/courseservice/CourseServiceContractTest.java:533#assistantCanManageVersionedFileResourceWhileMemberDownloadsAndLogicalDeleteHidesIt; services/course/src/test/java/com/onlinejudge/courseservice/CourseServiceContractTest.java:573#resourceDownloadGetIsReadOnlyAcrossBrowserPrefetchRetries; services/course/src/test/java/com/onlinejudge/courseservice/CourseServiceContractTest.java:718#archivedAndClosedCoursesRejectContentMutationsWhileStayingReadable; services/course/src/test/java/com/onlinejudge/courseservice/CourseServiceContractTest.java:910#resourceUploadRejectsDisguisedExecutablesAndUnmatchedContentWithoutLeavingRecords; services/course/src/test/java/com/onlinejudge/courseservice/CourseServiceContractTest.java:956#resourceDownloadUsesTheTrustedTypeInsteadOfTheUploadersClaim; services/course/src/test/java/com/onlinejudge/courseservice/CourseServiceContractTest.java:1088#deletingUploadedResourceRemovesItsPhysicalObjectAndCompletesTheJournal,PASS
API-COURSE-049,course,DELETE,/api/v1/courses/{courseId}/resources/{resourceId},USER,true,course-service,services/course/src/main/java/com/onlinejudge/courseservice/controller/CourseController.java,services/course/src/test/java/com/onlinejudge/courseservice/CourseServiceContractTest.java:471#courseChapterAndResourceMutationApisRequireCourseManagerAndArchiveClosesEnrollment; services/course/src/test/java/com/onlinejudge/courseservice/CourseServiceContractTest.java:533#assistantCanManageVersionedFileResourceWhileMemberDownloadsAndLogicalDeleteHidesIt; services/course/src/test/java/com/onlinejudge/courseservice/CourseServiceContractTest.java:1088#deletingUploadedResourceRemovesItsPhysicalObjectAndCompletesTheJournal,PASS
API-COURSE-050,course,PUT,/api/v1/courses/{courseId}/resources/{resourceId},USER,true,course-service,services/course/src/main/java/com/onlinejudge/courseservice/controller/CourseController.java,services/course/src/test/java/com/onlinejudge/courseservice/CourseServiceContractTest.java:471#courseChapterAndResourceMutationApisRequireCourseManagerAndArchiveClosesEnrollment; services/course/src/test/java/com/onlinejudge/courseservice/CourseServiceContractTest.java:533#assistantCanManageVersionedFileResourceWhileMemberDownloadsAndLogicalDeleteHidesIt,PASS
API-COURSE-051,course,GET,/api/v1/courses/{courseId}/resources/{resourceId}/download,USER,true,course-service,services/course/src/main/java/com/onlinejudge/courseservice/controller/CourseController.java,services/course/src/test/java/com/onlinejudge/courseservice/CourseServiceContractTest.java:471#courseChapterAndResourceMutationApisRequireCourseManagerAndArchiveClosesEnrollment; services/course/src/test/java/com/onlinejudge/courseservice/CourseServiceContractTest.java:533#assistantCanManageVersionedFileResourceWhileMemberDownloadsAndLogicalDeleteHidesIt; services/course/src/test/java/com/onlinejudge/courseservice/CourseServiceContractTest.java:573#resourceDownloadGetIsReadOnlyAcrossBrowserPrefetchRetries; services/course/src/test/java/com/onlinejudge/courseservice/CourseServiceContractTest.java:956#resourceDownloadUsesTheTrustedTypeInsteadOfTheUploadersClaim,PASS
API-COURSE-052,course,GET,/api/v1/courses/{courseId}/students,USER,true,course-service,services/course/src/main/java/com/onlinejudge/courseservice/controller/CourseController.java,services/course/src/test/java/com/onlinejudge/courseservice/CourseApiCoverageTest.java:90#membersAndStudentsEndpointsReturnRoleScopedRoster,PASS
API-COURSE-053,course,GET,/api/v1/learning/progress,USER,true,course-service,services/course/src/main/java/com/onlinejudge/courseservice/controller/LrnProgressController.java,services/course/src/test/java/com/onlinejudge/courseservice/LrnFoldServiceTest.java:356#learningProgressRecordTaskAndReminderApisRoundTrip,PASS
API-COURSE-054,course,POST,/api/v1/learning/progress,USER,true,course-service,services/course/src/main/java/com/onlinejudge/courseservice/controller/LrnProgressController.java,services/course/src/test/java/com/onlinejudge/courseservice/LrnFoldServiceTest.java:356#learningProgressRecordTaskAndReminderApisRoundTrip,PASS
API-COURSE-055,course,GET,/api/v1/learning/progress/teacher,USER,true,course-service,services/course/src/main/java/com/onlinejudge/courseservice/controller/LrnProgressController.java,services/course/src/test/java/com/onlinejudge/courseservice/CourseApiCoverageTest.java:131#learningTasksAndTeacherProgressEndpointsFollowCourseMemberContract,PASS
API-COURSE-056,course,POST,/api/v1/learning/records,USER,true,course-service,services/course/src/main/java/com/onlinejudge/courseservice/controller/LrnRecordController.java,services/course/src/test/java/com/onlinejudge/courseservice/LrnFoldServiceTest.java:356#learningProgressRecordTaskAndReminderApisRoundTrip,PASS
API-COURSE-057,course,GET,/api/v1/learning/statistics,USER,true,course-service,services/course/src/main/java/com/onlinejudge/courseservice/controller/LrnRecordController.java,services/course/src/test/java/com/onlinejudge/courseservice/LrnFoldServiceTest.java:356#learningProgressRecordTaskAndReminderApisRoundTrip,PASS
API-COURSE-058,course,GET,/api/v1/learning/tasks,USER,true,course-service,services/course/src/main/java/com/onlinejudge/courseservice/controller/LrnTaskController.java,services/course/src/test/java/com/onlinejudge/courseservice/CourseApiCoverageTest.java:131#learningTasksAndTeacherProgressEndpointsFollowCourseMemberContract,PASS
API-COURSE-059,course,GET,/api/v1/notifications,USER,true,course-service,services/course/src/main/java/com/onlinejudge/courseservice/controller/LrnNotificationController.java,services/course/src/test/java/com/onlinejudge/courseservice/CourseApiCoverageTest.java:151#notificationsListReadAndDeleteEndpointsReturnMutationResults,PASS
API-COURSE-060,course,DELETE,/api/v1/notifications/{notificationId},USER,true,course-service,services/course/src/main/java/com/onlinejudge/courseservice/controller/LrnNotificationController.java,services/course/src/test/java/com/onlinejudge/courseservice/CourseApiCoverageTest.java:151#notificationsListReadAndDeleteEndpointsReturnMutationResults,PASS
API-COURSE-061,course,POST,/api/v1/notifications/events,USER,true,course-service,services/course/src/main/java/com/onlinejudge/courseservice/controller/LrnNotificationController.java,services/course/src/test/java/com/onlinejudge/courseservice/LrnFoldServiceTest.java:323#notificationEventEntryIsIdempotentByEventKey,PASS
API-COURSE-062,course,PUT,/api/v1/notifications/read,USER,true,course-service,services/course/src/main/java/com/onlinejudge/courseservice/controller/LrnNotificationController.java,services/course/src/test/java/com/onlinejudge/courseservice/CourseApiCoverageTest.java:151#notificationsListReadAndDeleteEndpointsReturnMutationResults,PASS
API-COURSE-063,course,GET,/api/v1/reminder-rules,USER,true,course-service,services/course/src/main/java/com/onlinejudge/courseservice/controller/LrnReminderController.java,services/course/src/test/java/com/onlinejudge/courseservice/CourseApiCoverageTest.java:185#reminderRulesEndpointReturnsStoredOverview,PASS
API-COURSE-064,course,PUT,/api/v1/reminder-rules,USER,true,course-service,services/course/src/main/java/com/onlinejudge/courseservice/controller/LrnReminderController.java,services/course/src/test/java/com/onlinejudge/courseservice/LrnFoldServiceTest.java:356#learningProgressRecordTaskAndReminderApisRoundTrip,PASS
API-COURSE-065,course,GET,/internal/v2/courses/{courseId}/authorizations/{userId},SERVICE,false,course-service,services/course/src/main/java/com/onlinejudge/courseservice/controller/InternalCourseController.java,services/course/src/test/java/com/onlinejudge/courseservice/CourseServiceContractTest.java:263#internalV2AuthorizationUsesAudienceBoundServiceJwtAndReturnsCanonicalPage,PASS
API-COURSE-066,course,GET,/internal/v2/courses/{courseId}/members,SERVICE,false,course-service,services/course/src/main/java/com/onlinejudge/courseservice/controller/InternalCourseController.java,services/course/src/test/java/com/onlinejudge/courseservice/CourseServiceContractTest.java:263#internalV2AuthorizationUsesAudienceBoundServiceJwtAndReturnsCanonicalPage; services/course/src/test/java/com/onlinejudge/courseservice/CourseServiceContractTest.java:289#nonUuidCorrelationIdIsAcceptedPerThePublishedCourseV2HeaderContract; services/course/src/test/java/com/onlinejudge/courseservice/CourseServiceContractTest.java:1156#internalV2EndpointsAcceptTrustedMtlsWorkloadCertificateWithoutServiceJwt,PASS
API-COURSE-067,course,GET,/internal/v2/learning/tasks/recent,SERVICE,false,course-service,services/course/src/main/java/com/onlinejudge/courseservice/controller/InternalLearningController.java,services/course/src/test/java/com/onlinejudge/courseservice/LrnFoldServiceTest.java:413#internalLearningTasksAndReconciliationRequestsFollowTheFrozenContract,PASS
API-COURSE-068,course,POST,/internal/v2/notifications/reconciliation-requests,SERVICE,false,course-service,services/course/src/main/java/com/onlinejudge/courseservice/controller/InternalReconciliationController.java,services/course/src/test/java/com/onlinejudge/courseservice/LrnFoldServiceTest.java:413#internalLearningTasksAndReconciliationRequestsFollowTheFrozenContract,PASS
API-COURSE-069,course,GET,/version,PUBLIC,false,course-service,services/course/src/main/java/com/onlinejudge/courseservice/controller/VersionController.java,services/course/src/test/java/com/onlinejudge/courseservice/CourseApiCoverageTest.java:197#versionEndpointIsPublicAndIdentifiesCourseService,PASS
API-GATEWAY-070,gateway,ANY,/api/*,PUBLIC,true,gateway,deploy/gateway/gateway.conf.template,scripts/gateway/tests/gateway-runtime.test.sh:187#gateway-runtime.test,PASS
API-GATEWAY-071,gateway,ANY,/gateway-error/413,PUBLIC,true,gateway,deploy/gateway/gateway.conf.template,scripts/gateway/tests/gateway-runtime.test.sh:204#gateway-runtime.test,PASS
API-GATEWAY-072,gateway,ANY,/gateway-error/429,PUBLIC,true,gateway,deploy/gateway/gateway.conf.template,scripts/gateway/tests/gateway-runtime.test.sh:254#gateway-runtime.test,PASS
API-GATEWAY-073,gateway,ANY,/gateway-error/502,PUBLIC,true,gateway,deploy/gateway/gateway.conf.template,scripts/gateway/tests/gateway-runtime.test.sh:208#gateway-runtime.test,PASS
API-GATEWAY-074,gateway,ANY,/gateway-error/503,PUBLIC,true,gateway,deploy/gateway/gateway.conf.template,scripts/gateway/tests/gateway-runtime.test.sh:213#gateway-runtime.test,PASS
API-GATEWAY-075,gateway,ANY,/gateway-error/504,PUBLIC,true,gateway,deploy/gateway/gateway.conf.template,scripts/gateway/tests/gateway-runtime.test.sh:215#gateway-runtime.test,PASS
API-GATEWAY-076,gateway,GET,/health/live,PUBLIC,true,gateway,deploy/gateway/gateway.conf.template,scripts/gateway/tests/gateway-runtime.test.sh:110#gateway-runtime.test,PASS
API-GATEWAY-077,gateway,GET,/health/ready,PUBLIC,true,gateway,deploy/gateway/gateway.conf.template,scripts/gateway/tests/gateway-runtime.test.sh:122#gateway-runtime.test,PASS
API-GATEWAY-078,gateway,GET,/health/startup,PUBLIC,true,gateway,deploy/gateway/gateway.conf.template,scripts/gateway/tests/gateway-runtime.test.sh:120#gateway-runtime.test,PASS
API-GATEWAY-079,gateway,ANY,/internal/v2/*,PUBLIC,true,gateway,deploy/gateway/gateway.conf.template,scripts/gateway/tests/gateway-runtime.test.sh:185#gateway-runtime.test,PASS
API-GRADE-080,grade,PUT,/api/v1/course-grade-summaries/{summaryId}/adjust,USER,true,grade-service,backend/src/main/java/com/onlinejudge/grd/controller/GradeRecordController.java,services/grade/src/test/java/com/onlinejudge/gradeservice/GradeApiContractTest.java:213#adjustGradeRecordAndCourseFinalScoreWriteChangeLogs,PASS
API-GRADE-081,grade,GET,/api/v1/courses/{courseId}/grade-analysis,USER,true,grade-service,backend/src/main/java/com/onlinejudge/grd/controller/GradeAnalysisController.java,services/grade/src/test/java/com/onlinejudge/gradeservice/GradeApiContractTest.java:247#gradeAnalysisAndCompletionEndpointsReturnSnapshotCounts,PASS
API-GRADE-082,grade,GET,/api/v1/courses/{courseId}/grade-change-logs,USER,true,grade-service,backend/src/main/java/com/onlinejudge/grd/controller/GradeRecordController.java,services/grade/src/test/java/com/onlinejudge/gradeservice/GradeApiContractTest.java:213#adjustGradeRecordAndCourseFinalScoreWriteChangeLogs,PASS
API-GRADE-083,grade,GET,/api/v1/courses/{courseId}/grade-items,USER,true,grade-service,backend/src/main/java/com/onlinejudge/grd/controller/GradeItemController.java,services/grade/src/test/java/com/onlinejudge/gradeservice/GradeApiAuthenticationTest.java:53#rejectsMissingBearerAndResolvesAValidIdentityTokenForExistingGrdRoutes; services/grade/src/test/java/com/onlinejudge/gradeservice/GradeApiContractTest.java:97#gradeItemCreateListUpdateDeleteAndValidateEndpointsRoundTrip; services/grade/src/test/java/com/onlinejudge/gradeservice/GradeApiContractTest.java:321#protectedGradeApisRejectMissingBearer,PASS
API-GRADE-084,grade,POST,/api/v1/courses/{courseId}/grade-items,USER,true,grade-service,backend/src/main/java/com/onlinejudge/grd/controller/GradeItemController.java,services/grade/src/test/java/com/onlinejudge/gradeservice/GradeApiContractTest.java:97#gradeItemCreateListUpdateDeleteAndValidateEndpointsRoundTrip,PASS
API-GRADE-085,grade,GET,/api/v1/courses/{courseId}/grade-items/{gradeItemId}/completion,USER,true,grade-service,backend/src/main/java/com/onlinejudge/grd/controller/GradeAnalysisController.java,services/grade/src/test/java/com/onlinejudge/gradeservice/GradeApiContractTest.java:247#gradeAnalysisAndCompletionEndpointsReturnSnapshotCounts,PASS
API-GRADE-086,grade,GET,/api/v1/courses/{courseId}/grade-publish-records,USER,true,grade-service,backend/src/main/java/com/onlinejudge/grd/controller/GradeRecordController.java,services/grade/src/test/java/com/onlinejudge/gradeservice/GradeApiContractTest.java:178#publishPublishRecordsAndMyGradesEndpointsReturnPublishedState,PASS
API-GRADE-087,grade,GET,/api/v1/courses/{courseId}/grade-review-requests,USER,true,grade-service,backend/src/main/java/com/onlinejudge/grd/controller/GradeReviewController.java,services/grade/src/test/java/com/onlinejudge/gradeservice/GradeApiContractTest.java:265#gradeReviewSubmitListAndProcessEndpointsRoundTrip,PASS
API-GRADE-088,grade,POST,/api/v1/courses/{courseId}/grade-review-requests,USER,true,grade-service,backend/src/main/java/com/onlinejudge/grd/controller/GradeReviewController.java,services/grade/src/test/java/com/onlinejudge/gradeservice/GradeApiContractTest.java:265#gradeReviewSubmitListAndProcessEndpointsRoundTrip,PASS
API-GRADE-089,grade,POST,/api/v1/courses/{courseId}/grade-rules/validate,USER,true,grade-service,backend/src/main/java/com/onlinejudge/grd/controller/GradeItemController.java,services/grade/src/test/java/com/onlinejudge/gradeservice/GradeApiContractTest.java:97#gradeItemCreateListUpdateDeleteAndValidateEndpointsRoundTrip; services/grade/src/test/java/com/onlinejudge/gradeservice/GradeApiContractTest.java:327#studentCannotManageGradeRulesOrPublishThroughApi,PASS
API-GRADE-090,grade,GET,/api/v1/courses/{courseId}/grades,USER,true,grade-service,backend/src/main/java/com/onlinejudge/grd/controller/GradeRecordController.java,services/grade/src/test/java/com/onlinejudge/gradeservice/GradeApiContractTest.java:140#sourceGradeSyncRecalculateAndGradeTableEndpointsWorkFromProjection; services/grade/src/test/java/com/onlinejudge/gradeservice/GradeApiContractTest.java:213#adjustGradeRecordAndCourseFinalScoreWriteChangeLogs,PASS
API-GRADE-091,grade,POST,/api/v1/courses/{courseId}/grades/publish,USER,true,grade-service,backend/src/main/java/com/onlinejudge/grd/controller/GradeRecordController.java,services/grade/src/test/java/com/onlinejudge/gradeservice/GradeApiContractTest.java:178#publishPublishRecordsAndMyGradesEndpointsReturnPublishedState; services/grade/src/test/java/com/onlinejudge/gradeservice/GradeApiContractTest.java:265#gradeReviewSubmitListAndProcessEndpointsRoundTrip; services/grade/src/test/java/com/onlinejudge/gradeservice/GradeApiContractTest.java:327#studentCannotManageGradeRulesOrPublishThroughApi; services/grade/src/test/java/com/onlinejudge/gradeservice/GradeApiContractTest.java:357#publishRejectsPartialItemsScopeUntilItemScopeVisibilityIsImplemented,PASS
API-GRADE-092,grade,POST,/api/v1/courses/{courseId}/grades/recalculate,USER,true,grade-service,backend/src/main/java/com/onlinejudge/grd/controller/GradeRecordController.java,services/grade/src/test/java/com/onlinejudge/gradeservice/GradeApiContractTest.java:140#sourceGradeSyncRecalculateAndGradeTableEndpointsWorkFromProjection,PASS
API-GRADE-093,grade,GET,/api/v1/courses/{courseId}/grades/students/{studentId},USER,true,grade-service,backend/src/main/java/com/onlinejudge/grd/controller/GradeRecordController.java,services/grade/src/test/java/com/onlinejudge/gradeservice/GradeApiContractTest.java:140#sourceGradeSyncRecalculateAndGradeTableEndpointsWorkFromProjection,PASS
API-GRADE-094,grade,POST,/api/v1/courses/{courseId}/grades/sync,USER,true,grade-service,backend/src/main/java/com/onlinejudge/grd/controller/GradeRecordController.java,services/grade/src/test/java/com/onlinejudge/gradeservice/GradeApiContractTest.java:140#sourceGradeSyncRecalculateAndGradeTableEndpointsWorkFromProjection; services/grade/src/test/java/com/onlinejudge/gradeservice/GradeApiContractTest.java:178#publishPublishRecordsAndMyGradesEndpointsReturnPublishedState; services/grade/src/test/java/com/onlinejudge/gradeservice/GradeApiContractTest.java:265#gradeReviewSubmitListAndProcessEndpointsRoundTrip; services/grade/src/test/java/com/onlinejudge/gradeservice/GradeApiContractTest.java:357#publishRejectsPartialItemsScopeUntilItemScopeVisibilityIsImplemented,PASS
API-GRADE-095,grade,GET,/api/v1/courses/{courseId}/my-grade-review-requests,USER,true,grade-service,backend/src/main/java/com/onlinejudge/grd/controller/GradeReviewController.java,services/grade/src/test/java/com/onlinejudge/gradeservice/GradeApiContractTest.java:265#gradeReviewSubmitListAndProcessEndpointsRoundTrip,PASS
API-GRADE-096,grade,GET,/api/v1/courses/{courseId}/my-grades,USER,true,grade-service,backend/src/main/java/com/onlinejudge/grd/controller/GradeRecordController.java,services/grade/src/test/java/com/onlinejudge/gradeservice/GradeApiContractTest.java:178#publishPublishRecordsAndMyGradesEndpointsReturnPublishedState,PASS
API-GRADE-097,grade,DELETE,/api/v1/grade-items/{gradeItemId},USER,true,grade-service,backend/src/main/java/com/onlinejudge/grd/controller/GradeItemController.java,services/grade/src/test/java/com/onlinejudge/gradeservice/GradeApiContractTest.java:97#gradeItemCreateListUpdateDeleteAndValidateEndpointsRoundTrip,PASS
API-GRADE-098,grade,PUT,/api/v1/grade-items/{gradeItemId},USER,true,grade-service,backend/src/main/java/com/onlinejudge/grd/controller/GradeItemController.java,services/grade/src/test/java/com/onlinejudge/gradeservice/GradeApiContractTest.java:97#gradeItemCreateListUpdateDeleteAndValidateEndpointsRoundTrip,PASS
API-GRADE-099,grade,PUT,/api/v1/grade-records/{recordId}/adjust,USER,true,grade-service,backend/src/main/java/com/onlinejudge/grd/controller/GradeRecordController.java,services/grade/src/test/java/com/onlinejudge/gradeservice/GradeApiContractTest.java:213#adjustGradeRecordAndCourseFinalScoreWriteChangeLogs; services/grade/src/test/java/com/onlinejudge/gradeservice/GradeApiContractTest.java:342#gradeRecordAdjustRejectsBlankReason,PASS
API-GRADE-100,grade,PUT,/api/v1/grade-review-requests/{requestId}/process,USER,true,grade-service,backend/src/main/java/com/onlinejudge/grd/controller/GradeReviewController.java,services/grade/src/test/java/com/onlinejudge/gradeservice/GradeApiContractTest.java:265#gradeReviewSubmitListAndProcessEndpointsRoundTrip,PASS
API-GRADE-101,grade,GET,/health/ready,PUBLIC,false,grade-service,services/grade/src/main/java/com/onlinejudge/gradeservice/controller/ReadinessController.java,services/grade/src/test/java/com/onlinejudge/gradeservice/GradeApiContractTest.java:314#readinessProbeReportsUp,PASS
API-IDENTITY-102,identity,GET,/.well-known/jwks.json,PUBLIC,true,identity-service,services/identity/src/main/java/com/onlinejudge/auth/controller/JwksController.java,services/identity/src/test/java/com/onlinejudge/auth/IdentityJwtContractTest.java:86#publishesPublicSigningKeysAtTheStandardJwksEndpoint,PASS
API-IDENTITY-103,identity,GET,/api/v1/admin/audit-logs,USER,true,identity-service,services/identity/src/main/java/com/onlinejudge/auth/controller/AuthAdminController.java,services/identity/src/test/java/com/onlinejudge/auth/AuthAdminControllerTest.java:107#adminQueriesAuditLogsWithOperationResultOperatorAndTimeFilters,PASS
API-IDENTITY-104,identity,GET,/api/v1/admin/permissions,USER,true,identity-service,services/identity/src/main/java/com/onlinejudge/auth/controller/AuthAdminController.java,services/identity/src/test/java/com/onlinejudge/auth/AdminPermissionsApiTest.java:57#adminCanListAllPermissionCodesThroughHttpApi; services/identity/src/test/java/com/onlinejudge/auth/AdminPermissionsApiTest.java:113#permissionListEndpointRejectsMissingBearerWithSessionExpiredError,PASS
API-IDENTITY-105,identity,GET,/api/v1/admin/roles,USER,true,identity-service,services/identity/src/main/java/com/onlinejudge/auth/controller/AuthAdminController.java,services/identity/src/test/java/com/onlinejudge/auth/AdminPermissionsApiTest.java:88#adminCanCreateRoleThroughHttpApiAndRoleListIncludesIt; services/identity/src/test/java/com/onlinejudge/auth/AuthAdminControllerTest.java:66#adminAssignsUserRolesAndRolePermissionsWithAuditLogs; services/identity/src/test/java/com/onlinejudge/auth/AuthAdminControllerTest.java:177#studentCannotAccessRoleManagementApi; services/identity/src/test/java/com/onlinejudge/auth/AuthControllerTest.java:342#authInterceptorProtectsAdminEndpointWithoutSession,PASS
API-IDENTITY-106,identity,POST,/api/v1/admin/roles,USER,true,identity-service,services/identity/src/main/java/com/onlinejudge/auth/controller/AuthAdminController.java,services/identity/src/test/java/com/onlinejudge/auth/AdminPermissionsApiTest.java:88#adminCanCreateRoleThroughHttpApiAndRoleListIncludesIt,PASS
API-IDENTITY-107,identity,PUT,/api/v1/admin/roles,USER,true,identity-service,services/identity/src/main/java/com/onlinejudge/auth/controller/AuthAdminController.java,services/identity/src/test/java/com/onlinejudge/auth/AuthAdminControllerTest.java:300#adminUpdatesRoleThroughDocumentedCollectionEndpoint; services/identity/src/test/java/com/onlinejudge/auth/AuthAdminControllerTest.java:321#disablingRoleAdvancesEveryAffectedSecurityVersionAndInvalidatesOldJwtOffline,PASS
API-IDENTITY-108,identity,PUT,/api/v1/admin/roles/{roleId}/permissions,USER,true,identity-service,services/identity/src/main/java/com/onlinejudge/auth/controller/AuthAdminController.java,services/identity/src/test/java/com/onlinejudge/auth/AuthAdminControllerTest.java:66#adminAssignsUserRolesAndRolePermissionsWithAuditLogs; services/identity/src/test/java/com/onlinejudge/auth/AuthAdminControllerTest.java:194#studentCannotChangeRolePermissions,PASS
API-IDENTITY-109,identity,GET,/api/v1/admin/users,USER,true,identity-service,services/identity/src/main/java/com/onlinejudge/auth/controller/AuthAdminController.java,services/identity/src/test/java/com/onlinejudge/auth/AdminPermissionsApiTest.java:69#adminCanListUsersThroughHttpApiAndResponseHidesPasswordFields,PASS
API-IDENTITY-110,identity,POST,/api/v1/admin/users,USER,true,identity-service,services/identity/src/main/java/com/onlinejudge/auth/controller/AuthAdminController.java,services/identity/src/test/java/com/onlinejudge/auth/AuthAdminControllerTest.java:241#adminCreateUserRollsBackWhenRoleIdDoesNotExist; services/identity/src/test/java/com/onlinejudge/auth/AuthAdminControllerTest.java:263#adminCreateUserDoesNotExposePasswordInResponseOrAuditLogs,PASS
API-IDENTITY-111,identity,PUT,/api/v1/admin/users/{userId}/roles,USER,true,identity-service,services/identity/src/main/java/com/onlinejudge/auth/controller/AuthAdminController.java,services/identity/src/test/java/com/onlinejudge/auth/AuthAdminControllerTest.java:66#adminAssignsUserRolesAndRolePermissionsWithAuditLogs,PASS
API-IDENTITY-112,identity,PUT,/api/v1/admin/users/{userId}/status,USER,true,identity-service,services/identity/src/main/java/com/onlinejudge/auth/controller/AuthAdminController.java,services/identity/src/test/java/com/onlinejudge/auth/AuthAdminControllerTest.java:211#adminDisablingAccountRevokesExistingSessionsAndReportsAccountStatusError,PASS
API-IDENTITY-113,identity,POST,/api/v1/auth/check-permission,USER,true,identity-service,services/identity/src/main/java/com/onlinejudge/auth/controller/AuthController.java,services/identity/src/test/java/com/onlinejudge/auth/AuthControllerTest.java:287#checkPermissionAllowsCurrentUserPermission; services/identity/src/test/java/com/onlinejudge/auth/AuthControllerTest.java:306#checkPermissionRejectsMissingPermissionAndAuditsDeniedAccess; services/identity/src/test/java/com/onlinejudge/auth/AuthControllerTest.java:326#checkPermissionRejectsBlankPermissionCode,PASS
API-IDENTITY-114,identity,POST,/api/v1/auth/login,PUBLIC,true,identity-service,services/identity/src/main/java/com/onlinejudge/auth/controller/AuthController.java,services/identity/src/test/java/com/onlinejudge/auth/AuthAdminControllerTest.java:107#adminQueriesAuditLogsWithOperationResultOperatorAndTimeFilters; services/identity/src/test/java/com/onlinejudge/auth/AuthAdminControllerTest.java:151#loginAuditBoundsClientIpAndUserAgentToColumnLimits; services/identity/src/test/java/com/onlinejudge/auth/AuthControllerTest.java:77#userRegistersLogsInReadsCurrentUserAndLogoutRevokesToken; services/identity/src/test/java/com/onlinejudge/auth/AuthControllerTest.java:138#loginFailureUsesSafeMessageAndDoesNotCreateSession; services/identity/src/test/java/com/onlinejudge/auth/AuthControllerTest.java:239#sessionStoresTokenDigestInsteadOfBearerTokenPlaintextAndAuditsLogin; services/identity/src/test/java/com/onlinejudge/auth/AuthControllerTest.java:349#malformedAuthJsonReturnsSafeValidationErrorWithoutInternalDetails; services/identity/src/test/java/com/onlinejudge/auth/AuthControllerTest.java:364#unsupportedAuthMediaTypePreservesMonolithErrorContract; services/identity/src/test/java/com/onlinejudge/auth/AuthControllerTest.java:374#typedAuthJsonFailurePreservesOffendingFieldName; services/identity/src/test/java/com/onlinejudge/auth/AuthControllerTest.java:489#passwordChangeRequiresOldPasswordRehashesAndRevokesExistingSessions; services/identity/src/test/java/com/onlinejudge/auth/AuthControllerTest.java:551#repeatedLoginFailuresSetTemporaryLockUntilTimestamp; services/identity/src/test/java/com/onlinejudge/auth/IdentityJwtContractTest.java:52#loginIssuesRs256UserJwtWithTheFrozenV2Claims; services/identity/src/test/java/com/onlinejudge/authservice/AuthDependencyFailureTest.java:38#loginDependencyFailureDoesNotLeakConnectionDetails,PASS
API-IDENTITY-115,identity,POST,/api/v1/auth/logout,USER,true,identity-service,services/identity/src/main/java/com/onlinejudge/auth/controller/AuthController.java,services/identity/src/test/java/com/onlinejudge/auth/AuthControllerTest.java:77#userRegistersLogsInReadsCurrentUserAndLogoutRevokesToken; services/identity/src/test/java/com/onlinejudge/auth/AuthControllerTest.java:155#logoutRequiresAuthenticatedSession; services/identity/src/test/java/com/onlinejudge/auth/AuthControllerTest.java:162#logoutRejectsForgedBearerTokenWithoutLeakingToken; services/identity/src/test/java/com/onlinejudge/auth/AuthControllerTest.java:271#expiredOrRevokedSessionUsesDocumentedSessionExpiredErrorCode; services/identity/src/test/java/com/onlinejudge/auth/AuthSubjectSecurityTest.java:55#logoutAdvancesSecurityVersionAndRevokesAllPreviouslyIssuedTokens,PASS
API-IDENTITY-116,identity,GET,/api/v1/auth/me,USER,true,identity-service,services/identity/src/main/java/com/onlinejudge/auth/controller/AuthController.java,services/identity/src/test/java/com/onlinejudge/auth/AuthAdminControllerTest.java:321#disablingRoleAdvancesEveryAffectedSecurityVersionAndInvalidatesOldJwtOffline; services/identity/src/test/java/com/onlinejudge/auth/AuthControllerTest.java:77#userRegistersLogsInReadsCurrentUserAndLogoutRevokesToken; services/identity/src/test/java/com/onlinejudge/auth/AuthControllerTest.java:175#currentUserRequiresBearerSessionInsteadOfHeaderOnlyIdentity; services/identity/src/test/java/com/onlinejudge/auth/AuthControllerTest.java:349#malformedAuthJsonReturnsSafeValidationErrorWithoutInternalDetails; services/identity/src/test/java/com/onlinejudge/auth/AuthControllerTest.java:386#forgedBearerTokenUsesSafeAuthenticationFailureMessage; services/identity/src/test/java/com/onlinejudge/auth/AuthSubjectSecurityTest.java:55#logoutAdvancesSecurityVersionAndRevokesAllPreviouslyIssuedTokens; services/identity/src/test/java/com/onlinejudge/auth/AuthSubjectSecurityTest.java:88#passwordChangeRevokesEveryExistingSession; services/identity/src/test/java/com/onlinejudge/auth/AuthSubjectSecurityTest.java:111#forgedIdentityHeadersNeverCreateATrustedSubject,PASS
API-IDENTITY-117,identity,POST,/api/v1/auth/register,PUBLIC,true,identity-service,services/identity/src/main/java/com/onlinejudge/auth/controller/AuthController.java,services/identity/src/test/java/com/onlinejudge/auth/AuthControllerTest.java:77#userRegistersLogsInReadsCurrentUserAndLogoutRevokesToken; services/identity/src/test/java/com/onlinejudge/auth/AuthControllerTest.java:185#publicRegistrationRejectsTeacherAndAdminRoles; services/identity/src/test/java/com/onlinejudge/auth/AuthControllerTest.java:210#registrationRejectsDuplicateEmailAndPhoneUsedForLogin; services/identity/src/test/java/com/onlinejudge/auth/AuthControllerTest.java:349#malformedAuthJsonReturnsSafeValidationErrorWithoutInternalDetails,PASS
API-IDENTITY-118,identity,GET,/api/v1/system/health,PUBLIC,false,identity-service,services/identity/src/main/java/com/onlinejudge/authservice/controller/AuthSystemController.java,services/identity/src/test/java/com/onlinejudge/authservice/AuthSystemControllerTest.java:25#exposesMinimalHealthReadinessAndVersion,PASS
API-IDENTITY-119,identity,GET,/api/v1/system/readiness,PUBLIC,false,identity-service,services/identity/src/main/java/com/onlinejudge/authservice/controller/AuthSystemController.java,services/identity/src/test/java/com/onlinejudge/authservice/AuthReadinessFailureTest.java:35#readinessFailsSafelyWhenDatabaseIsUnavailable; services/identity/src/test/java/com/onlinejudge/authservice/AuthSystemControllerTest.java:25#exposesMinimalHealthReadinessAndVersion,PASS
API-IDENTITY-120,identity,GET,/api/v1/system/version,PUBLIC,false,identity-service,services/identity/src/main/java/com/onlinejudge/authservice/controller/AuthSystemController.java,services/identity/src/test/java/com/onlinejudge/authservice/AuthSystemControllerTest.java:25#exposesMinimalHealthReadinessAndVersion,PASS
API-IDENTITY-121,identity,GET,/api/v1/users/me,USER,true,identity-service,services/identity/src/main/java/com/onlinejudge/auth/controller/UserProfileController.java,services/identity/src/test/java/com/onlinejudge/auth/AuthAdminControllerTest.java:211#adminDisablingAccountRevokesExistingSessionsAndReportsAccountStatusError; services/identity/src/test/java/com/onlinejudge/auth/AuthControllerTest.java:262#protectedAuthApiRejectsHeaderOnlyIdentityWhenSessionTokenIsMissing; services/identity/src/test/java/com/onlinejudge/auth/AuthControllerTest.java:271#expiredOrRevokedSessionUsesDocumentedSessionExpiredErrorCode; services/identity/src/test/java/com/onlinejudge/auth/AuthControllerTest.java:349#malformedAuthJsonReturnsSafeValidationErrorWithoutInternalDetails; services/identity/src/test/java/com/onlinejudge/auth/AuthControllerTest.java:396#currentUserProfileCanBeReadAndUpdatedWithoutSensitiveFields; services/identity/src/test/java/com/onlinejudge/auth/AuthControllerTest.java:489#passwordChangeRequiresOldPasswordRehashesAndRevokesExistingSessions,PASS
API-IDENTITY-122,identity,PUT,/api/v1/users/me,USER,true,identity-service,services/identity/src/main/java/com/onlinejudge/auth/controller/UserProfileController.java,services/identity/src/test/java/com/onlinejudge/auth/AuthControllerTest.java:349#malformedAuthJsonReturnsSafeValidationErrorWithoutInternalDetails; services/identity/src/test/java/com/onlinejudge/auth/AuthControllerTest.java:396#currentUserProfileCanBeReadAndUpdatedWithoutSensitiveFields; services/identity/src/test/java/com/onlinejudge/auth/AuthControllerTest.java:428#profileUpdateRejectsInvalidContactAndDisplayNameBeforeSaving,PASS
API-IDENTITY-123,identity,PUT,/api/v1/users/me/password,USER,true,identity-service,services/identity/src/main/java/com/onlinejudge/auth/controller/UserProfileController.java,services/identity/src/test/java/com/onlinejudge/auth/AuthControllerTest.java:349#malformedAuthJsonReturnsSafeValidationErrorWithoutInternalDetails; services/identity/src/test/java/com/onlinejudge/auth/AuthControllerTest.java:489#passwordChangeRequiresOldPasswordRehashesAndRevokesExistingSessions; services/identity/src/test/java/com/onlinejudge/auth/AuthSubjectSecurityTest.java:88#passwordChangeRevokesEveryExistingSession,PASS
API-IDENTITY-124,identity,POST,/internal/v2/service-tokens,SERVICE,false,identity-service,services/identity/src/main/java/com/onlinejudge/auth/controller/ServiceTokenController.java,services/identity/src/test/java/com/onlinejudge/auth/ServiceTokenControllerTest.java:106#returnsTheCanonicalErrorShapeForMalformedServiceTokenRequests; services/identity/src/test/java/com/onlinejudge/auth/ServiceTokenControllerTest.java:120#rejectsUndeclaredFieldsBeforeCheckingTheMtlsWorkloadIdentity,PASS
